domain,method,cert_rate_%,mean_mu_hat,mean_lower_bound,mean_n_eff,mean_runtime_sec,n_datasets,n_cohorts
molecular,kliep,0.5,0.91,0.24,0.84,0.16,9,876
molecular,ravel,0.27,0.93,0.23,2.2,0.53,5,840
molecular,ulsif,0.52,0.91,0.24,0.86,0.06,9,876
tabular,kliep,3.74,0.81,0.23,25.44,7.3,6,117
tabular,ravel,2.28,0.8,0.27,33.31,32.44,6,117
tabular,ulsif,3.58,0.81,0.22,24.74,6.96,6,117
text,kliep,79.47,0.85,0.82,474.1,3.08,5,28
text,ravel,78.95,0.85,0.82,474.02,19.42,5,28
text,ulsif,79.47,0.85,0.82,474.11,3.18,5,28
