method,domain,cert_rate_%,mean_mu_hat,mean_lower_bound,mean_n_eff,mean_runtime_sec,n_datasets
kliep,molecular,0.5,0.91,0.24,0.84,0.16,9
kliep,tabular,3.74,0.81,0.23,25.44,7.3,6
kliep,text,79.47,0.85,0.82,474.1,3.08,5
ravel,molecular,0.27,0.93,0.23,2.2,0.53,5
ravel,tabular,2.28,0.8,0.27,33.31,32.44,6
ravel,text,78.95,0.85,0.82,474.02,19.42,5
ulsif,molecular,0.52,0.91,0.24,0.86,0.06,9
ulsif,tabular,3.58,0.81,0.22,24.74,6.96,6
ulsif,text,79.47,0.85,0.82,474.11,3.18,5
